Customer ID,order_id,p_brand,brand_name,customer_gender,Name 
C1,3,Cherokee,Deborah Milano,MALE,Aaban
C2,10,Ascot,Nanz Comfort,MALE,Aabid
C3,12,Ascot,Mia by Tanishq,FEMALE,Aadam
C4,3,Westside Home,Titan,FEMALE,Aadan
C5,1,AMZER,0,MALE,Aadarsh
C6,7,Creative,0,MALE,Aaden
C7,23,Westsport,0,MALE,Aadesh
C8,2,Karigari,0,MALE,Aadhav
C9,1,Utsa,Red Tape,MALE,Aadhavan
C10,6,Westsport,Prita,MALE,Aadhi
C11,14,Provogue,United Colors of Benetton,MALE,Aadhvik
C12,1,Lacoste,0,MALE,Aadhyan
C13,2,Zudio,0,MALE,Aadi
C14,3,WES Casuals,0,FEMALE,Aadian
C15,14,Red Tape,0,MALE,Aadil
C16,1,ClickCase,0,MALE,Aadin
C17,37,Plum,Puma,MALE,Aadish
C18,7,Sassy Soda,Dyson,FEMALE,Aadit
C19,2,Zudio,0,MALE,Aadith
C20,1,Zudio,Ed-a-Mamma,MALE,Aadithya
C21,2,Utsa,0,MALE,Aaditya
C22,4,Global Desi,0,FEMALE,Aadiv
C23,1,Armani Exchange,0,MALE,Aadon
C24,3,Femella,0,FEMALE,Aadrian
C25,48,Gia,De Moza,FEMALE,Aadrit
C26,3,Allen Solly,Vero Moda,FEMALE,Aadvik
C27,3,Shonaya,0,MALE,Aadyn
C28,3,Zudio,0,MALE,Aagam
C29,5,Cottonworld,0,FEMALE,Aage
C30,3,Interflora,0,MALE,Aahaan
C37,6,Reforce,0,FEMALE,Radi
C42,4,HOP,0,FEMALE,Radin
C45,7,HOP,0,FEMALE,Radlee
C77,1,Utsa,Sparx,FEMALE,Raees
C85,3,Utsa,0,FEMALE,Raeghan
C105,2,Voltas,0,FEMALE,Raeleigh
C107,1,Gia,0,FEMALE,Raelena
C108,1,Kraus,0,FEMALE,Raelene
C162,3,Jaipur Kurti,0,MALE,Raeven
C163,4,Jockey,0,MALE,Raevin
C164,1,Apple,0,MALE,Raevon
C166,1,Weststreet,0,MALE,Raevynn
C168,2,Oak & Keel,Spykar,MALE,Raeya
C169,2,Dune London,0,MALE,Raeyah
C170,3,adidas,adidas,MALE,Raeyana
C171,16,realme,0,MALE,Raeyanna
C172,10,Puma,0,MALE,Raeyonna
C173,1,Zuba,LACOSTE,MALE,Rafa
C174,1,Spykar,Mufti,MALE,Rafael
C179,1,Wunderlove,Westside Home,MALE,Rafal
C180,2,Portronics,0,MALE,Rafan
C181,4,MyGlamm,Skechers,MALE,Rafat
C183,4,Baggit,Vero Moda,MALE,Rafe
C184,4,Usha,0,MALE,Rafeal
C185,1,Panasonic,0,MALE,Rafee
C186,2,Mamaearth,0,MALE,Rafeef
C187,2,Noise,Corseca,MALE,Rafeek
C188,1,WD,0,MALE,Rafeeq
C189,1,Crocs,0,MALE,Rafel
C190,4,Khadi Essentials,0,MALE,Rafela
C193,5,Red Tape,Bewakoof,MALE,Raffael
C195,2,Xiaomi,0,MALE,Raffaele
C196,8,Gia,Aks,MALE,Raffaella
C197,3,Times Prime,0,MALE,Raffeal
C199,1,Juniper,0,MALE,Raffi
C200,1,Globus,0,MALE,Raffie
C201,4,Juniper,0,MALE,Raffiel
C202,3,Jockey,0,MALE,Raffinee
C203,2,Femora,0,MALE,Raffy
C205,26,Budding Bees,Bewakoof,MALE,Rafi
C207,2,Cherokee,0,MALE,Rafid
C210,1,Budding Bees,0,MALE,Rafik
C211,1,Basics,0,MALE,Rafiq
C213,1,Arrow,0,MALE,Rafuel
C214,1,Reebok,0,MALE,Ragad
C215,3,Canon,Casio,MALE,Ragan
C216,5,Xiaomi,0,MALE,Ragav
C217,1,Philips,0,MALE,Rage
C219,1,Pantaloons Junior,0,MALE,Ragena
C220,3,Cherokee,0,MALE,Ragene
C222,2,Levi's,0,MALE,Raghad
C223,1,Zudio,SCHARF,MALE,Raghav
C224,1,Xiaomi,0,MALE,Raghavi
C225,11,Duke,0,MALE,Raghib
C226,1,Ed-a-Mamma,Tiitan,MALE,Ragin
C227,2,realme,0,MALE,Ragina
C228,1,Jockey,0,MALE,Ragine
C229,1,Sony,0,MALE,Ragini
C230,2,Red Tape,0,MALE,Ragna
C231,2,HOSTA HOMES,0,MALE,Ragnar
C233,3,Jockey,0,MALE,Raguel
C234,3,Reebok,SanDisk,MALE,Raha
C235,1,Fastrack,0,MALE,Rahab
C236,1,Boat,0,MALE,Rahaf
C237,2,Xiaomi,Wipro,MALE,Rahama
C239,2,Borosil,0,MALE,Rahanna
C240,1,Red Tape,0,MALE,Rahasia
C243,2,Duke,0,MALE,Raheam
C244,1,Crocs,Juniper,MALE,Raheel
C245,6,Budding Bees,Bewakoof,MALE,Raheem
C246,1,Noise,0,MALE,Raheema
C247,1,Red Tape,0,MALE,Raheemah
C251,3,Homesake,0,MALE,Rahela
C252,1,Red Tape,0,MALE,Rahem
C253,4,Xiaomi,0,MALE,Rahf
C256,1,Jockey,0,MALE,Rahiem
C257,1,realme,0,MALE,Rahil
C258,2,Asics,0,MALE,Rahila
C259,8,GAP,Clay Craft,MALE,Rahim
C260,1,Mothercare,0,MALE,Rahima
C263,1,SanDisk,0,MALE,Rahjae
C265,1,Puma,0,MALE,Rahkeem
C266,1,DAIKIN,0,MALE,Rahkia
C267,1,FabAlley,0,MALE,Rahkim
C268,1,Nokia,0,MALE,Rahm
C269,1,Nuon Men,0,MALE,Rahma
C270,2,LYF,0,MALE,Rahmaan
C273,1,realme,0,MALE,Rahman
C275,2,DDecor,Samsung,MALE,Rahmeir
C276,6,Zudio,0,MALE,Rahmel
C278,3,Khadi Essentials,0,MALE,Rahmere
C279,1,Atomberg,0,MALE,Rahmi
C280,1,Preethi,Boat,MALE,Rahmin
C281,1,Power,0,MALE,Rahmir
C282,1,LG,Clovia,MALE,Rahmo
C285,1,Ambrane,0,MALE,Rahn
C286,1,AIRTEL,0,MALE,Rahna
C287,5,Philips,0,MALE,Rahnasia
C288,1,Usha,0,MALE,Rahneisha
C291,1,Kingston,0,FEMALE,Rahniyah
C292,1,Zudio,0,FEMALE,Rahquan
C293,3,Kindle,0,FEMALE,Rahsaan
C294,1,Spykar,0,FEMALE,Rahsan
C296,7,Khadi Essentials,Marvel,MALE,Rahsean
C297,4,Antec,0,MALE,Rahshad
C298,2,Zudio,0,MALE,Rahshan
C299,2,U.S. Polo Assn.,0,FEMALE,Rahshawn
C300,1,ETA,0,FEMALE,Rahsheed
C301,1,DDecor,0,FEMALE,Rahsheen
C302,1,Samsung,0,MALE,Rahshida
C303,3,Ambrane,eCraftIndia,MALE,Rahshon
C304,1,Louis Philippe,0,FEMALE,Rahson
C305,1,Spykar,0,MALE,Rahul
C306,5,Budding Bees,0,MALE,Rahwa
C307,3,Zebronics,0,FEMALE,Rahzel
C308,9,Sangam Prints,0,MALE,Rai
C309,1,Wrangler,Infinity,FEMALE,Raia
C310,2,Puma,adidas,FEMALE,Raiah
C312,1,WD,0,FEMALE,Raiana
C313,2,Envie,0,MALE,Raianna
C314,2,Sangam Prints,0,MALE,Raianne
C315,1,U.S. Polo Assn.,0,MALE,Raice
C316,4,Khadi Essentials,0,FEMALE,Raichel
C317,4,Sangam Prints,0,MALE,Raichelle
C318,2,Globus,0,MALE,Raid
C321,2,Philips,0,MALE,Raidel
C322,2,Prolific,0,FEMALE,Raiden
C323,4,Pavers England,0,FEMALE,Raider
C324,1,Boult Audio,0,FEMALE,Raidon
C325,8,Sangam Prints,0,FEMALE,Raidyn
C326,12,Zudio,0,MALE,Raielle
C327,10,Indya,0,MALE,Raiesha
C328,1,Starbucks,Home Ecstasy,MALE,Raif
C329,1,Xiaomi,0,FEMALE,Raifa
C330,4,Zudio,0,FEMALE,Raifah
C331,2,Utsa,0,MALE,Raife
C332,2,WD,0,FEMALE,Raiford
C333,3,Rangmanch by Pantaloons,0,FEMALE,Raigan
C334,1,adidas,0,MALE,Raigen
C335,6,Philips,Puma,FEMALE,Raighan
C336,3,Zudio,0,MALE,Raighlyn
C337,1,LG,0,MALE,Raigyn
C341,1,Times Prime,Westside Home,FEMALE,Raihana
C348,10,Sangam Prints,0,FEMALE,Raileigh
C354,1,Slumber Jill,Park Avenue,FEMALE,Raima
C355,1,Croma,0,FEMALE,Raime
C360,2,Nokia,0,FEMALE,Raimond
C366,1,Respiro,0,FEMALE,Rainah
C369,1,HP,0,FEMALE,Rainee
C376,1,s.Oliver,0,FEMALE,Raini
C378,1,Zudio,0,FEMALE,Rainier
C379,1,Symphony,0,FEMALE,Rainn
C389,1,Sangam Prints,0,FEMALE,Raisean
C395,2,Xiaomi,0,FEMALE,Raith
C396,26,ScratchGard,NEUDIS,FEMALE,Raiven
C397,1,Panasonic,0,FEMALE,Raivyn
C400,4,Armani Exchange,0,FEMALE,Raiyan
C403,1,GAP,0,FEMALE,Raiyna
C409,2,s.Oliver,0,FEMALE,Raj
C422,3,Samsung,0,FEMALE,Rajanee
C424,1,TATA CLiQ,Apple,FEMALE,Rajat
C425,2,Audio-Technica,0,FEMALE,Rajaun
C426,1,Gia,Inc.5,FEMALE,Rajbir
C430,11,Sangam Prints,0,FEMALE,Rajeen
C443,2,Hunkemoller,0,FEMALE,Rajkumar
C445,2,Indya,0,FEMALE,Rajni
C450,1,Rangriti,adidas,FEMALE,Rajveer
C461,8,Apple,0,FEMALE,Rakeen
C462,2,Philips,0,FEMALE,Rakeia
C468,9,Boat,Boat,FEMALE,Rakem
C472,1,Fastrack,0,FEMALE,Rakeshia
C485,3,Elle,0,FEMALE,Rakisha
C495,6,Garnier,0,FEMALE,Rakwon
C497,4,Zudio,Globus,FEMALE,Rakyah
C503,2,Metro,0,FEMALE,Raland
C506,4,Portronics,0,FEMALE,Raleen
C509,2,Skechers,0,FEMALE,Ralena
C521,1,Philips,0,FEMALE,Ralls
C523,3,Jockey,0,FEMALE,Ralna
C526,1,Boat,0,FEMALE,Ralph
C527,1,Hikvision,0,FEMALE,Ralpha
C528,2,Boult Audio,0,FEMALE,Ralphael
C531,4,FabAlley,0,FEMALE,Ralphel
C533,1,Fastrack,0,FEMALE,Ralphie
C536,2,realme,0,FEMALE,Ralston
C538,6,HOP,WES Casuals,FEMALE,Ralynn
C540,1,Asus,0,FEMALE,Rama
C553,1,Carlton London,0,FEMALE,Ramarion
C557,1,Xiaomi,0,MALE,Ramatoulie
C558,1,V-Guard,Philips,MALE,Ramatu
C559,1,Hush Puppies,0,MALE,Ramaya
C560,5,W,Biba,FEMALE,Ramayah
C561,3,Philips,TP-LINK,MALE,Ramazan
C562,1,Xiaomi,0,MALE,Rambo
C563,1,Xiaomi,Red Tape,MALE,Ramces
C565,1,Gillette,0,FEMALE,Rameek
C566,1,CYBER X,0,MALE,Rameel
C567,1,Pantaloons Junior,Sennheiser,FEMALE,Rameen
C569,1,Lifelong,Carlton London,FEMALE,Rameez
C570,1,PUMA,0,MALE,Rameir
C571,2,Jockey,Florsheim,MALE,Rameisha
C572,3,Park Avenue,0,MALE,Rameka
C574,2,Times Prime,Campus,MALE,Ramell
C575,1,ClickCase,0,MALE,Ramelle
C576,1,Arrow,0,MALE,Ramello
C577,1,SanDisk,0,MALE,Ramelo
C579,4,WES Formals,Titan,MALE,Ramere
C581,6,Khadi Essentials,0,MALE,Rameses
C582,1,Liberty,0,MALE,Ramesh
C583,1,Red Tape,0,MALE,Ramesha
C584,3,Fastrack,0,MALE,Ramesses
C585,1,Enamor,0,MALE,Ramey
C586,1,Puma,0,MALE,Ramez
C587,3,Times Prime,0,MALE,Rami
C588,3,SHAZE,0,FEMALE,Ramia
C589,1,Nirlon,0,MALE,Ramiah
C590,10,Puma,Apple,MALE,Ramie
C591,1,Waman Hari Pethe Jewellers,0,MALE,Ramiel
C592,1,Apple,0,MALE,Ramiele
C593,1,Danta Herbs,0,MALE,Ramielle
C594,3,Yepme,0,MALE,Ramier
C595,1,Shonaya,0,FEMALE,Ramik
C596,1,CLiQsurance,0,MALE,Ramika
C600,2,Bacca Bucci,0,MALE,Ramir
C601,4,ID,0,MALE,Ramira
C602,1,Enamor,0,FEMALE,Ramire
C603,1,Noise,Noise,MALE,Ramirez
C604,5,Diza,0,MALE,Ramiro
C605,2,Indo Era,0,MALE,Ramis
C606,1,Westsport,0,FEMALE,Ramisa
C607,1,Dell,0,MALE,Ramisha
C608,1,Shences,DDECOR Live beautiful,MALE,Ramiya
C609,1,Utsa,0,MALE,Ramiyah
C610,2,Philips,0,FEMALE,Ramiz
C611,10,Polycab,Xergy,MALE,Ramla
C612,2,Xiaomi,SOLEPLAY,MALE,Ramlah
C613,7,LUNA BLU,0,MALE,Rammy
C614,2,Basics,0,MALE,Ramo
C615,1,Nuon Women,0,FEMALE,Ramoan
C616,3,Lakshita,0,FEMALE,Ramola
C618,8,mCaffeine,0,MALE,Ramona
C620,1,The Indus Valley,0,FEMALE,Ramond
C621,2,Diza,0,MALE,Ramonda
C622,2,Red Tape,0,FEMALE,Ramondo
C623,3,Xiaomi,0,MALE,Ramone
C624,4,Philips,0,FEMALE,Ramonia
C625,2,Playboy,Crocs,MALE,Ramonica
C626,1,Xiaomi,0,FEMALE,Ramonita
C627,2,Safari,0,FEMALE,Ramont
C628,1,OnePlus,0,FEMALE,Ramonte
C629,1,ALDO,0,MALE,Ramos
C630,1,Clara,0,FEMALE,Ramsay
C631,1,Globus,0,MALE,Ramsen
C632,2,SanDisk,Wipro,FEMALE,Ramses
C633,1,Voltas,Scentio,MALE,Ramsey
C635,1,Antec,0,MALE,Ramsi
C636,6,Yuris,Globus,MALE,Ramsie
C637,5,Sangam Prints,0,MALE,Ramson
C638,4,Old Spice,0,FEMALE,Ramsses
C639,2,Boat,0,MALE,Ramsy
C640,1,Bajaj,0,FEMALE,Ramy
C641,2,Femora,0,FEMALE,Ramya
C642,14,Philips,0,MALE,Ramyah
C643,1,Apple,0,FEMALE,Ramyia
C644,2,GUBB,0,FEMALE,Ramyiah
C645,2,Bewakoof,0,MALE,Ramzee
C646,1,Dr. Batra's,0,FEMALE,Ramzes
C647,1,Boat,0,MALE,Ramzey
C648,2,Wunderlove,Wunderlove,MALE,Ramzi
C649,1,Sony,0,MALE,Ramzie
C650,1,Global Desi,0,MALE,Ramzy
C651,1,Bombay Shaving Company,0,FEMALE,Ran
C652,2,SanDisk,Puma,MALE,Rana
C653,6,Creeva,0,MALE,Ranaa
C654,2,SanDisk,0,MALE,Ranada
C655,1,Crucial,0,MALE,Ranae
C656,1,Puma,Crocs,FEMALE,Ranaiya
C657,6,Sangam Prints,adidas,MALE,Ranajah
C658,2,Fruit of the loom,0,MALE,Ranald
C659,2,Khadi Essentials,0,MALE,Ranaldo
C661,4,Xiaomi,ColorPlus,MALE,Ranarda
C663,1,ScratchGard,0,MALE,Ranasia
C664,5,Liberty,Puma,MALE,Ranata
C665,1,iFrogz,0,MALE,Ranay
C666,2,W,Google,MALE,Ranaya
C667,1,Zudio,0,MALE,Ranayah
C668,6,Zudio,Globus,FEMALE,Ranaye
C670,1,SOLEPLAY,0,MALE,Rance
C674,4,Candere by Kalyan Jewellers,Biba,MALE,Randa
C675,1,Kent,0,MALE,Randahl
C676,1,Lifelong,Shences,MALE,Randal
C677,9,Latin Quarters,Boat,FEMALE,Randale
C678,1,Rangmanch by Pantaloons,0,MALE,Randall
C679,11,Indya,0,FEMALE,Randalle
C681,1,STARBUCKS,Woodland,MALE,Randalyn
C682,1,HP,0,FEMALE,Randalynn
C683,10,LUNA BLU,Twenty Dresses,MALE,Randarius
C684,2,Carlton London,0,FEMALE,Rande
C685,2,Clovia,Hopscotch,MALE,Randee
C686,3,Aks Kids,0,MALE,Randeen
C687,1,Utsa,WES Formals,MALE,Randeep
C688,1,Amante,Clovia,MALE,Randeisha
C689,1,Globus,0,FEMALE,Randel
C690,2,Boult Audio,Puma,FEMALE,Randell
C691,2,Cottonworld,0,FEMALE,Randelle
C692,3,Paco Rabanne,0,FEMALE,Randen
C693,19,Ed-a-Mamma,0,FEMALE,Randene
C694,1,True Blue,0,MALE,Randesha
C696,1,Times Prime,0,MALE,Randi
C697,2,Utsa,Juniper,MALE,Randie
C698,4,Mamaearth,0,MALE,Randiel
C699,1,Zudio,0,MALE,Randilee
C700,2,C9 Airwear,W,MALE,Randilyn
C701,2,Zippo,0,MALE,Randilynn
C702,2,Coach,Google,MALE,Randin
C704,2,Meyer,0,MALE,Randisha
C705,11,Apple,0,MALE,Randle
C706,4,Sangam Prints,0,MALE,Randll
C707,2,OnePlus,0,MALE,Randloph
C708,7,Wunderlove,0,MALE,Randol
C709,1,Philips,0,FEMALE,Randolf
C710,1,Fastrack,0,MALE,Randolfo
C711,1,Sony,0,MALE,Randoll
C712,11,Jockey,0,FEMALE,Randolph
C713,4,Miss Chase,0,MALE,Randolyn
C714,1,Apple,0,FEMALE,Random
C715,1,SanDisk,0,MALE,Randon
C717,2,Titan,0,MALE,Randy
C718,2,Utsa,0,FEMALE,Randye
C719,1,Wunderlove,0,FEMALE,Randyl
C720,1,Puma,ColorPlus,MALE,Randyn
C721,1,Ahalyaa,Lee,MALE,Rane
C722,1,Bajaj,0,FEMALE,Ranea
C723,1,celio*,0,MALE,Ranecia
C724,2,Coach,0,MALE,Ranee
C725,1,GAP,0,MALE,Raneem
C727,1,SWAROVSKI,0,MALE,Raneesha
C728,1,Ambrane,0,MALE,Raneisha
C729,7,WES Formals,0,MALE,Raneka
C730,1,SanDisk,0,MALE,Ranel
C731,2,Xiaomi,0,FEMALE,Ranell
C733,2,Allen Solly,0,MALE,Ranen
C734,10,Sangam Prints,0,MALE,Ranesha
C736,1,Omron,0,MALE,Ranessa
C737,1,Quantum,Yelloe,FEMALE,Ranetta
C739,2,Puma,0,MALE,Raney
C740,1,Panasonic,0,MALE,Ranezmae
C741,5,adidas,0,FEMALE,Ranezmay
C742,1,Spykar,Campus,MALE,Ranferi
C743,1,WES Casuals,0,MALE,Ranford
C744,1,Zebronics,0,MALE,Rangel
C745,4,Logitech,0,MALE,Ranger
C746,7,Cherokee,U.S. Polo Assn.,FEMALE,Rangler
C747,2,Woodland,0,FEMALE,Rani
C748,3,Swiss Military,0,FEMALE,Rania
C749,1,Boat,0,MALE,Raniah
C750,2,GAP,Westside Home,MALE,Ranie
C751,4,LUNA BLU,Titan,MALE,Raniel
C752,2,Budding Bees,0,FEMALE,Ranier
C754,7,Amazon,Bombay Shaving Company,MALE,Ranijah
C755,4,GAP,0,MALE,Ranika
C756,1,HOP,0,FEMALE,Ranim
C757,6,Zudio,Carlton London,FEMALE,Raniqua
C758,4,Red Tape,0,MALE,Ranique
C759,1,Corelle,0,MALE,Ranisha
C760,1,Zudio,0,MALE,Ranita
C761,2,Puma,0,MALE,Raniya
C762,2,Wunderlove,LUNA BLU,MALE,Raniyah
C763,2,Xiaomi,Jainish,MALE,Raniyha
C764,1,iFrogz,0,MALE,Ranjan
C765,14,Utsa,Fabindia,MALE,Ranjana
C768,3,Nu Republic,0,MALE,Ranjit
C769,6,honeydew,Van Heusen,MALE,Rankin
C771,1,Hawkins,0,MALE,Rannah
C772,7,Hopscotch,0,MALE,Ranndy
C773,2,Atomberg,0,MALE,Rannie
C774,1,Zudio,0,FEMALE,Rannon
C775,1,Jockey,Homesake,MALE,Ranny
C777,3,Zuba,Prestige,MALE,Ranold
C778,4,Zudio,Amigo,FEMALE,Ranon
C779,2,Dollar Bigboss,0,FEMALE,Ranota
C780,2,Hopscotch,0,MALE,Ransel
C781,6,Tizum,0,FEMALE,Ransen
C782,1,Florsheim,0,MALE,Ransford
C783,17,Ishin,0,FEMALE,Ransom
C784,1,WES Formals,0,FEMALE,Ransome
C785,1,HP,0,MALE,Ranson
C786,1,Gini & Jony,The Vanca,FEMALE,Ranulfo
C787,2,Ambrane,0,MALE,Ranveer
C789,2,Noise,0,MALE,Ranvir
C790,2,Y&F,Sri Jagdamba Pearls,MALE,Rany
C791,4,Globus,Wunderlove,MALE,Ranya
C792,1,Westside Home,0,MALE,Ranyah
C793,4,SanDisk,0,MALE,Ranyia
C794,13,Puma,0,MALE,Ranyiah
C795,1,RawNature,0,FEMALE,Ranyla
C796,1,DDecor,0,FEMALE,Ranylah
C797,1,Paco Rabanne,0,FEMALE,Ranzel
C798,1,Zudio,0,MALE,Ranzino
C799,1,Franco Leone,0,MALE,Ranzy
C800,1,Xiaomi,0,FEMALE,Raoof
C801,1,Y&F,0,MALE,Raoul
C802,2,Sony,Philips,FEMALE,Raphael
C803,1,Apple,0,MALE,Raphaela
C804,1,Philips,0,MALE,Raphaella
C805,1,Zudio,0,MALE,Raphaelle
C806,7,Ant Audio,0,MALE,Rapheal
C807,6,Oster,Vandelay,MALE,Raphel
C808,2,Park Avenue,0,MALE,Raphiel
C809,1,Transcend,0,MALE,Rapunzel
C810,6,Saree Mall,0,FEMALE,Raqeeb
C811,1,Dell,0,MALE,Raqib
C812,1,Puma,0,MALE,Raqiya
C813,4,Khadi Essentials,0,MALE,Raquael
C814,6,Budding Bees,0,MALE,Raqual
C815,3,WES Formals,Jack & Jones,FEMALE,Raquan
C816,1,Puma,0,MALE,Raquane
C818,3,Nuon Men,0,FEMALE,Raqueal
C819,2,Xiaomi,0,MALE,Raquel
C820,5,Globus,0,MALE,Raquela
C821,1,s.Oliver,0,MALE,Raquele
C823,2,HOP,0,FEMALE,Raquell
C825,19,Indya,Infinity,MALE,Raquez
C827,1,Zudio,0,FEMALE,Raquisha
C828,1,Ruggers,0,FEMALE,Raquita
C829,3,Dreamz by Pantaloons,Apple,MALE,Raquon
C830,2,Croma,Croma,FEMALE,Raqwan
C831,4,Boat,Boat,FEMALE,Raqwon
C832,1,Zudio,0,MALE,Rarity
C833,1,Zudio,0,MALE,Ras
C834,3,Under Fourteen Only,0,MALE,Rasa
C836,3,Fujifilm,0,MALE,Rasan
C837,1,PTron,Reebok,FEMALE,Rasaun
C838,1,Fastrack,0,MALE,Raschad
C839,2,Philips,0,MALE,Raschel
C840,1,Hikvision,0,MALE,Raschell
C841,1,The Indus Valley,0,MALE,Raschelle
C842,1,Apple,0,MALE,Rascoe
C843,2,Boat,0,FEMALE,Rasean
C844,1,Yellow,0,FEMALE,Raseel
C845,2,Khadi Essentials,0,MALE,Rasha
C846,3,PrettySecrets,Joyalukkas,MALE,Rashaad
C847,2,Zudio,0,FEMALE,Rashaan
C848,1,Weststreet,0,MALE,Rashad
C849,4,Wonderchef,0,MALE,Rashada
C850,1,Woodland,0,MALE,Rashadd
C851,1,Xiaomi,0,MALE,Rashade
C852,1,OPPO,0,FEMALE,Rashae
C853,1,OneAssist,0,MALE,Ladarion
C854,6,Times Prime,0,FEMALE,Ladarious
C855,5,Boat,0,MALE,Ladaris
C856,2,The Indus Valley,0,MALE,Ladarius
C858,5,Sangam Prints,0,MALE,Ladarren
C859,14,Utsa,Aldo,FEMALE,Ladarrian
C860,1,Fastrack,0,MALE,Ladarrien
C861,3,Rangmanch by Pantaloons,Malabar Gold and Diamonds,MALE,Ladarrin
C862,2,Zudio,0,FEMALE,Ladarrion
C863,3,Godox,0,FEMALE,Ladarrious
C864,1,Carrier,0,MALE,Ladarris
C865,5,Rigo,0,FEMALE,Ladarrius
C866,2,Nexa,Carlton London,MALE,Ladarryl
C867,3,Zebronics,Apple,FEMALE,Ladaruis
C868,6,Xiaomi,Boat,MALE,Ladaryl
C869,2,Philips,Femora,FEMALE,Ladaveon
C870,3,Callmate,0,MALE,Ladavian
C871,1,Red Tape,0,FEMALE,Ladavid
C872,4,Zuba,0,MALE,Ladavion
C873,2,U.S. Polo Assn.,0,FEMALE,Ladaynian
C874,8,Sangam Prints,0,MALE,Ladd
C876,1,ETA,0,MALE,Laddy
C877,1,Voltas Beko,0,FEMALE,Ladell
C878,2,Sangam Prints,0,FEMALE,Laden
C879,1,Resonate,0,FEMALE,Laderek
C880,2,Ajmal,WES Casuals,MALE,Ladereon
C881,4,Utsa,Utsa,MALE,Laderian
C882,9,Sangam Prints,0,FEMALE,Laderick
C883,2,Puma,Puma,MALE,Laderion
C884,12,Cherry Crumble By Nitt Hyman,Trendyol,FEMALE,Laderious
C885,2,Novel,0,FEMALE,Laderius
C886,2,Spykar,U.S. Polo Assn.,FEMALE,Laderrian
C887,1,Dell,0,MALE,Laderrick
C888,3,Van Heusen,Boat,MALE,Laderrion
C889,1,Michael Kors,0,MALE,Laderrius
C890,1,Zudio,0,MALE,Ladimer
C891,9,Clovia,N-Gal,MALE,Ladislado
C892,1,Zudio,0,MALE,Ladislao
C893,1,O3+,0,FEMALE,Ladislaus
C894,6,realme,Boat,MALE,Ladislav
C895,3,Utsa,LOV,MALE,Ladon
C897,1,Zudio,0,MALE,Ladontae
C898,2,ScratchGard,0,MALE,Ladontay
C899,1,DAIKIN,Tommy Hilfiger,FEMALE,Ladonte
C900,1,Wow Skin Science,0,FEMALE,Ladre
C902,3,Boat,0,MALE,Ladson
C903,2,HOP,0,MALE,Laeton
C904,5,GAP,Globus,MALE,Lafayette
C905,2,TABAC,0,FEMALE,Lafe
C906,1,Red Tape,0,MALE,Lafeyette
C907,1,Ambrane,0,MALE,Lafiamma
C910,2,TCL,0,MALE,Lafredrick
C911,6,Forever 21,0,MALE,Lagarius
C912,1,Fastrack,0,MALE,Lagrand
C914,3,Kent,Vandelay,MALE,Laguan
C915,2,Puma,Anker,MALE,Laiden
C918,1,Carrier,0,MALE,Laike
C921,1,Clara,0,MALE,Laird
C922,2,Boat,0,MALE,Laiten
C923,2,Skullcandy,0,MALE,Laith
C924,1,Michael Kors,0,MALE,Laithan
C925,1,Samsung,0,MALE,Laithen
C926,3,Hidesign,0,MALE,Laiton
C927,2,Kingston,0,MALE,Lajace
C928,1,Arrow,0,MALE,Lajarvis
C929,1,Jack & Jones,0,MALE,Lajaune
C930,1,Times Prime,0,MALE,Lajavion
C931,3,Philips,Boat,MALE,Lajayceon
C932,2,FabAlley,0,MALE,Lajohn
C933,2,Panasonic,0,MALE,Lajon
C936,11,Yuris,0,MALE,Lakai
C937,2,realme,0,MALE,Lakari
C939,1,LG,0,MALE,Lake
C941,1,Philips,Bangalore Refinery,MALE,Lakeem
C943,3,Aeropostale,0,MALE,Lakel
C947,3,Campus,0,MALE,Lakendric
C949,6,Peter England,0,MALE,Laker
C950,8,realme,Puma,MALE,Lakhi
C952,1,Westside Home,0,MALE,Lakieth
C953,1,Nuon Men,Puma,MALE,Lakim
C954,2,Khadi Essentials,0,MALE,Laking
C955,4,Wardrobe,0,MALE,Lakoda
C956,2,Voltas,0,MALE,Laksh
C958,1,Red Tape,Jaipur Kurti,MALE,Lakshya
C960,2,WES Lounge,0,MALE,Lakye
C964,1,Carrier,0,MALE,Lalo
C965,2,Vinod,0,MALE,Lam
C968,1,Polycab,0,MALE,Lamaj
C969,4,Gia,0,MALE,Laman
C971,2,Puma,0,MALE,Lamar
C975,3,Reebok,Reebok,MALE,Lamare
C976,3,Xiaomi,0,MALE,Lamareon
C980,2,Times Prime,0,MALE,Lamarion
C981,3,Puma,0,MALE,Lamarious
C982,3,Pavers England,Ruosh,MALE,Lamaris
C987,4,NIVEA,Dove,MALE,Lamarqus
C988,1,Quantum,0,MALE,Lamarr
C990,2,Iconics,0,MALE,Lamart
C991,1,Utsa,0,MALE,Lamarus
C993,5,Gini & Jony,0,MALE,Lamb
C994,2,Basics,0,MALE,Lambert
C996,1,Zebronics,Reebok,MALE,Lambros
C997,1,Globus,Sony,MALE,Lamech
C1002,3,Kindle,0,MALE,Lamel
C1003,2,Zudio,0,MALE,Lamell
C1004,1,FabAlley,0,MALE,Lamere
C1006,65,Westside Home,DOLCE CRUDO,MALE,Lamicheal
C1007,1,Mamaearth,0,MALE,Lamiek
C1008,1,Intex,0,MALE,Lamier
C1011,5,SMITCH,Aarika,MALE,Lamir
C1014,1,Samsung,Ray-Ban,MALE,Lamond
C1016,7,ALCIS,0,MALE,Lamondre
C1017,1,Boat,0,MALE,Lamone
C1022,1,Studiowest,0,MALE,Lamonte
C1027,1,Philips,0,MALE,Lamorris
C1029,2,adidas,Casio,MALE,Lamour
C1031,1,Wenger,0,MALE,Lamuel
C1036,4,Utsa,0,MALE,Lancer
C1037,2,Puma,0,MALE,Lancing
C1038,1,W,W,MALE,Lancy
C1041,3,PC Jeweller,0,MALE,Landel
C1046,7,DDecor,0,MALE,Landers
C1048,8,Diesel,Westside Home,MALE,Landis
C1049,2,LUNA BLU,0,MALE,Lando
C1050,1,Vivo,0,MALE,Landon
C1051,2,Khadi Essentials,0,MALE,Landonn
C1053,2,Xiaomi,Puma,MALE,Landrick
C1056,2,Khadi Essentials,0,MALE,Landry
C1057,4,Xiaomi,0,MALE,Landun
C1061,1,HP,0,MALE,Landynn
C1062,1,Red Tape,0,MALE,Landyon
C1063,1,Puma,0,MALE,Lane
C1065,1,Jockey,0,MALE,Lang
C1066,2,Apple,0,MALE,Langdon
C1068,1,Utsa,Mochi,MALE,Langford
C1069,2,Spykar,0,MALE,Langston
C1070,2,Xiaomi,0,MALE,Lanham
C1072,5,Mamaearth,0,MALE,Lanis
C1074,1,Novel,0,MALE,Lankford
C1075,1,Indo Era,0,MALE,Lann
C1076,3,W,0,MALE,Lanndon
C1078,2,Sony,0,MALE,Lanney
C1079,3,Gaana.com,0,MALE,Lannie
C1080,4,ETA,0,MALE,Lanning
C1081,1,Killer,0,MALE,Lannis
C1082,2,Swiss Military,0,MALE,Lannon
C1085,1,Skinn by Titan,0,MALE,Lanorris
C1089,1,Insta360,0,MALE,Lanston
C1093,2,Shonaya,0,MALE,Lanyard
C1095,2,Globus,0,MALE,Lao
C1096,1,Ishin,0,MALE,Lapatrick
C1097,1,Salwar Studio,Samsung,MALE,Lapaul
C1098,2,Apple,0,MALE,Laphonso
C1100,1,Philips,0,MALE,Laquain
C1101,4,VIP,0,MALE,Laquan
C1103,2,Ambrane,0,MALE,Laquann
C1104,1,adidas,0,MALE,Laquante
C1105,1,Tanishq,VarEesha,MALE,Laquarius
C1107,1,Luminous,0,MALE,Laquavious
C1108,1,iFrogz,0,MALE,Laquavis
C1109,2,Utsa,0,MALE,Laquavius
C1110,3,Xiaomi,0,MALE,Laquentin
C1111,2,Bajaj,0,MALE,Laquez
C1112,1,OAKTER,0,MALE,Laquin
C1114,1,ODIO,0,MALE,Laquinn
C1115,2,Homesake,999Store,MALE,Laquintin
C1116,1,SanDisk,0,MALE,Laquinton
C1117,2,Hunkemoller,0,MALE,Laquon
C1118,3,Reebok,0,MALE,Laqwan
C1119,1,Cherokee,Ascot,MALE,Laramie
C1121,5,s.Oliver,Hummel,MALE,Larance
C1124,2,Apple,0,MALE,Lareco
C1125,1,Van Heusen,Van Heusen,MALE,Laredo
C1127,1,Allen Solly,Red Tape,MALE,Laremy
C1129,1,Ambrane,0,MALE,Larenz
C1130,1,ETA,0,MALE,Larenzo
C1133,7,Xiaomi,0,MALE,Larico
C1135,1,Aigner,0,MALE,Laris
C1136,1,Globus,0,MALE,Larkin
C1137,1,Red Tape,0,MALE,Larmar
C1138,3,Studiowest,0,MALE,Larmon
C1139,1,HTC,0,MALE,Larmont
C1140,6,Hunkemoller,Hunkemoller,MALE,Larnce
C1143,1,Red Tape,0,MALE,Larney
C1146,8,Jaipur Kurti,0,MALE,Larod
C1147,3,Apple,Bangalore Refinery,MALE,Laroderick
C1148,2,WES Casuals,0,MALE,Larodney
C1149,1,Hitachi,0,MALE,Laroi
C1151,6,Reebok,0,MALE,Laron
C1152,1,Red Tape,0,MALE,Larone
C1153,6,realme,adidas,MALE,Laronn
C1155,1,HOP,0,MALE,Laronzo
C1156,6,Sangam Prints,0,MALE,Laroy
C1157,2,Times Prime,0,MALE,Laroyce
C1158,1,Apple,0,MALE,Larre
C1160,2,LG,0,MALE,Larren
C1161,1,Philips,0,MALE,Larreon
C1164,2,Soch,0,MALE,Larrion
C1165,1,Pavers England,0,MALE,Larris
C1167,2,Gerua,0,MALE,Larrry
C1168,1,LG,0,MALE,Larry
C1170,2,Clovia,0,MALE,Larsen
C1171,1,Croma,0,MALE,Larson
C1174,1,Croma,0,MALE,Larwance
C1177,5,Forever 21,Puma,MALE,Lary
C1178,2,Nuon Men,WES Lounge,MALE,Laryan
C1179,2,INATUR,0,MALE,Larz
C1182,9,Puma,U.S. Polo Assn.,MALE,Lasaro
C1183,2,Utsa,0,MALE,Lascelles
C1185,2,Hummel,0,MALE,Lasean
C1187,2,ColorPlus,Van Heusen,MALE,Lash
C1188,2,Malabar Gold and Diamonds,0,MALE,Lashad
C1189,2,Hunkemoller,Biba,MALE,Lason
C1190,1,Indo Era,FCUK,MALE,Lassana
C1191,12,Rosaline,Praavy,MALE,Lasse
C1192,2,Utsa,0,MALE,Lastarza
C1195,1,Apple,0,MALE,Laszlo
C1196,1,Xiaomi,0,FEMALE,Latarius
C1197,2,OAKTER,0,MALE,Latarus
C1198,1,Zudio,Portronics,FEMALE,Lataurus
C1199,1,Zudio,0,FEMALE,Lataveon
C1200,5,Utsa,0,MALE,Latavian
C1201,6,Gini & Jony,0,MALE,Latavion
C1202,2,OneAssist,0,MALE,Latavious
C1203,1,Westsport,0,FEMALE,Latavis
C1204,9,Utsa,0,MALE,Latavius
C1205,1,Voltas,0,MALE,Latee
C1206,4,WES Lounge,0,MALE,Lateef
C1208,1,Marie Claire,0,MALE,Laten
C1209,1,Philips,0,FEMALE,Laterian
C1210,3,Puma,0,MALE,Laterius
C1212,1,Croma,0,MALE,Laterrell
C1214,1,ETA,Nuon Men,MALE,Laterrian
C1215,6,Peter England,Aldo,MALE,Laterrion
C1217,2,Crocs,0,FEMALE,Laterrius
C1218,1,PrettySecrets,0,FEMALE,Latevin
C1219,1,Puma,0,MALE,Latham
C1220,17,Sangam Prints,0,MALE,Lathan
C1221,1,Westside Home,Skechers,FEMALE,Lathaniel
C1223,1,Utsa,0,MALE,Lathen
C1224,9,Zebronics,0,MALE,Lathomas
C1225,2,Wardrobe,0,FEMALE,Lathon
C1226,1,Philips,0,MALE,Lathyn
C1227,2,Times Prime,0,MALE,Latief
C1229,2,Jockey,0,MALE,Latimer
C1230,2,TP-LINK,0,MALE,Latique
C1231,6,Voltas,0,MALE,Latodd
C1232,3,realme,0,MALE,Laton
C1234,1,Jockey,0,FEMALE,Latony
C1235,5,Hunkemoller,Wrangler,MALE,Latorrance
C1236,1,Amante,0,MALE,Latrae
C1237,1,PC Jeweller,0,FEMALE,Latrail
C1238,4,GAP,0,MALE,Latravion
C1239,2,Wunderlove,0,FEMALE,Latravious
C1240,1,Wunderlove,Westside Home,FEMALE,Latravis
C1241,6,Basics,Wings,MALE,Latravius
C1242,1,Utsa,Jockey,MALE,Latray
C1243,1,APPLE,0,MALE,Latrayvion
C1244,4,Ambrane,Esbeda,FEMALE,Latre
C1245,3,Xiaomi,0,MALE,Latreal
C1246,1,Difference of Opinion,0,MALE,Latrel
C1248,2,Gia,LOV,FEMALE,Latrevion
C1250,2,Boat,Portronics,MALE,Latrey
C1252,2,Gia,0,MALE,Latron
C1254,2,Clarks,ClickCase,MALE,Latroy
C1255,2,Infinity Lingerie,0,FEMALE,Latu
C1257,12,HOP,Vero Moda,FEMALE,Latwon
C1258,1,CLiQsurance,0,FEMALE,Lauar
C1259,3,The Indus Valley,0,MALE,Lauchlin
C1261,1,Vark,0,FEMALE,Laudie
C1264,1,Liberty,0,FEMALE,Laureano
C1265,1,Studiowest,0,MALE,Laureat
C1266,1,Utsa,0,FEMALE,Laurence
C1267,1,Xiaomi,0,MALE,Laurencio
C1268,1,FOSSIL,0,FEMALE,Laurens
C1269,4,Wunderlove,Zink London,MALE,Laurent
C1270,3,Boat,0,FEMALE,Laurentino
C1271,1,Cherokee,Pebble,MALE,Laurenz
C1272,1,Armani Exchange,Metro,MALE,Laurenzo
C1273,3,HP,Boat,MALE,Lauriano
C1274,2,Ed-a-Mamma,0,MALE,Laurier
C1275,2,Midea,0,FEMALE,Lauris
C1276,4,Portronics,Xiaomi,FEMALE,Lauriston
C1277,3,Jabra,0,FEMALE,Lauritz
C1278,1,Blaupunkt,0,MALE,Lauro
C1279,1,Sanfe,0,MALE,Lautaro
C1280,2,Studiowest,Vero Moda,FEMALE,Lavail
C1281,4,Studiowest,Clovia,MALE,Laval
C1283,1,Gia,Superstar,MALE,Lavall
C1284,1,SOLEMIO,0,FEMALE,Lavalle
C1285,1,Puma,0,FEMALE,Lavan
C1287,1,Cole Haan,0,MALE,Lavander
C1288,1,Honey by Pantaloons,0,MALE,Lavant
C1290,1,W,0,MALE,Lavar
C1291,1,Duke,0,MALE,Lavare
C1292,1,Hitachi,Red Tape,MALE,Lavares
C1293,2,Van Heusen,Meyer,FEMALE,Lavarious
C1294,1,Crompton,Boat,MALE,Lavaris
C1295,1,Canon,Bohemia Crystal,FEMALE,Lavarius
C1296,1,Ajile by Pantaloons,0,FEMALE,Lavarr
C1297,6,Gia,0,FEMALE,Lavarus
C1298,5,realme,0,MALE,Lavel
C1300,1,Samsung,Philips,FEMALE,Lavelle
C1301,20,Zudio,0,MALE,Lavelton
C1302,6,Red Tape,LAVIE SPORT,FEMALE,Laven
C1303,3,Gia,Yufta,FEMALE,Laveon
C1305,1,Fastrack,0,MALE,Lavere
C1307,1,Jockey,0,MALE,Lavern
C1308,1,Logitech,0,FEMALE,Lavernon
C1309,1,Lapis Bard,0,FEMALE,Lavert
C1310,17,FabAlley,0,MALE,Lavester
C1311,1,Crusset,0,MALE,Lavi
C1312,2,Philips,0,MALE,Lavin
C1313,1,LOV,BHAANE,FEMALE,Lavoid
C1314,1,PUMA,0,MALE,Lavont
C1315,3,HOP,0,MALE,Lavonta
C1316,1,U.S. Polo Assn.,0,FEMALE,Lavontae
C1317,3,Mode by Red Tape,0,MALE,Lavontay
C1318,1,PUMA,adidas,MALE,Lavonte
C1319,2,Westside Home,adidas,MALE,Lavontre
C1321,2,Tata Swach,0,MALE,Lavoris
C1322,1,Shaya,0,MALE,Lavorn
C1323,2,ANTONIO BANDERAS,adidas,MALE,Lavoy
C1324,1,Nirlon,0,MALE,Law
C1325,1,Clara,0,MALE,Lawaia
C1326,6,Zudio,0,MALE,Lawarence
C1327,1,Vivo,0,FEMALE,Lawarnce
C1328,1,Whirlpool,0,MALE,Lawarren
C1329,3,Nuon Women,Ray-Ban,MALE,Lawaun
C1330,2,Furo by Red Chief,0,MALE,Lawayne
C1331,1,Casio,0,FEMALE,Lawell
C1332,2,Carlton London,0,FEMALE,Lawence
C1333,7,Clovia,Indo Era,MALE,Lawerance
C1334,1,Bombay Paisley,New Breed,FEMALE,Lawerence
C1335,1,Spykar,0,MALE,Lawernce
C1336,1,Jabra,0,FEMALE,Lawless
C1337,1,Logitech,0,FEMALE,Lawney
C1338,1,HOSTA HOMES,0,MALE,Lawrance
C1340,1,Tossido,0,MALE,Lawrence
C1341,5,Puma,0,MALE,Lawrene
C1342,1,Utsa,0,FEMALE,Lawrenzo
C1343,1,Bata,0,MALE,Lawrin
C1344,1,Puma,0,MALE,Lawrnce
C1345,2,Utsa,0,MALE,Lawsen
C1346,2,Lacoste,0,MALE,Lawson
C1347,1,Clarks,0,MALE,Lawton
C1349,2,adidas,0,FEMALE,Laxavier
C1350,1,ONITSUKA TIGER,0,MALE,Lay
C1351,1,Wunderlove,Biba,FEMALE,Laycen
C1352,1,Mayra,0,MALE,Laydell
C1353,1,Xiaomi,0,FEMALE,Layden
C1354,1,Portronics,0,MALE,Laydon
C1355,2,Syska,0,MALE,Layke
C1356,3,Flying Machine,0,FEMALE,Layland
C1358,1,Samsung,0,MALE,Laylon
C1359,1,Puma,0,MALE,Layman
C1360,7,Louis Philippe,0,MALE,Laymon
C1361,1,Puma,0,MALE,Laymond
C1362,2,Forest Essentials,0,MALE,Layn
C1364,2,Xiaomi,0,FEMALE,Layron
C1365,6,Utsa,Juniper,FEMALE,Layson
C1366,1,Puma,0,MALE,Layten
C1367,8,Utsa,Roadies,MALE,Layth
C1368,3,Peter England,0,FEMALE,Laythan
C1369,2,Wunderlove,Hunkemoller,FEMALE,Laythen
C1371,1,Globus,0,MALE,Laytin
C1373,1,Globus,Carlton London,MALE,Lazar
C1374,1,Google,0,FEMALE,Lazare
C1375,4,Utsa,Utsa,MALE,Lazareth
C1376,2,Crocs,0,MALE,Lazarick
C1377,2,Jockey,0,FEMALE,Lazario
C1378,1,Puma,0,FEMALE,Lazarion
C1379,1,Cottonworld,0,FEMALE,Lazarius
C1380,1,Budding Bees,0,MALE,Lazaro
C1381,2,Xiaomi,0,MALE,Lazaros
C1382,3,zunpulse,0,MALE,Lazarus
C1383,1,Karl Lagerfeld for Cover Story,0,MALE,Lazavion
C1384,5,realme,0,MALE,Lazell
C1385,3,Utsa,Westside Home,MALE,Lazer
C1386,4,Utsa,0,MALE,Lazerick
C1387,2,Crocs,Skechers,MALE,Lazerrick
C1388,2,V-Guard,Nova,FEMALE,Lazlo
C1389,1,Red Tape,0,FEMALE,Lazzaro
C1391,1,Titan,Tata Power,MALE,Lc
C1392,1,Crocs,Inc.5,FEMALE,Ld
C1393,5,Wunderlove,0,FEMALE,Ldarius
C1394,2,Asics,0,MALE,Leaf
C1395,4,SOLEPLAY,0,FEMALE,Leaford
C1396,5,Diesel,0,MALE,Leal
C1398,1,Home4U,0,MALE,Lealand
C1399,1,Candes,0,MALE,Lealon
C1400,1,Globus,0,FEMALE,Leam
C1401,1,s.Oliver,0,FEMALE,Leaman
C1402,1,Zebronics,0,MALE,Leamon
C1403,1,ClickCase,Juniper,MALE,Leamond
C1404,3,Bombay Paisley,0,MALE,Leanard
C1405,4,Utsa,0,MALE,Leander
C1406,4,Utsa,Utsa,MALE,Leandrae
C1408,1,WD,0,MALE,Leandrew
C1409,3,Boat,Puma,FEMALE,Leandro
C1410,2,Xiaomi,Portronics,MALE,Leandros
C1411,2,Meizu,0,MALE,Leangelo
C1412,3,HAZEL,0,FEMALE,Leanord
C1413,1,Symphony,Fabindia Home,MALE,Leanthony
C1414,1,adidas,0,FEMALE,Leaon
C1415,2,Utsa,0,FEMALE,Learon
C1416,2,Rangriti,Vincent Chase,FEMALE,Learoy
C1417,4,WES Casuals,0,MALE,Leart
C1418,1,Mercedes-Benz,0,MALE,Leartis
C1419,1,Schwarzkopf Professional,0,FEMALE,Leary
C1420,3,Ajmal,0,MALE,Leathan
C1421,1,Apple,0,MALE,Leaton
C1422,9,Philips,0,MALE,Leavitt
C1423,2,Utsa,0,MALE,Leavon
C1424,1,Utsa,0,MALE,Leavy
C1426,10,Swiss Military,0,MALE,Lebarron
C1427,1,Philips,0,FEMALE,Lebern
C1428,4,Wunderlove,Yufta,MALE,Lebert
C1429,2,Forever 21,0,FEMALE,Lebrandon
C1430,1,Parx,0,MALE,Lebron
C1431,7,WES Casuals,WES Formals,MALE,Lebrone
C1432,1,Puma,0,MALE,Leburn
C1433,3,Puma,Asics,FEMALE,Lecedric
C1434,5,Gia,LOV,MALE,Lecester
C1435,4,Zuba,0,MALE,Lech
C1436,1,LG,0,FEMALE,Lecharles
C1437,3,Audio-Technica,0,MALE,Lecil
C1438,4,Boat,Boat,FEMALE,Leck
C1439,2,The Indus Valley,0,FEMALE,Leconte
C1440,2,Go Colors!,0,MALE,Lecory
C1441,1,SanDisk,0,FEMALE,Ledaniel
C1443,1,Red Tape,0,MALE,Ledarius
C1444,8,Reebok,Boat,FEMALE,Ledarrius
C1445,1,Croma,0,MALE,Ledel
C1447,2,adidas,Forever 21,MALE,Lederrick
C1448,3,Campus,0,MALE,Ledford
C1449,2,Sony,0,FEMALE,Ledger
C1451,2,Xiaomi,Portronics,MALE,Ledon
C1452,1,0,0,MALE,Lee
C1453,1,Xiaomi,0,MALE,Leeam
C1454,2,Utsa,0,MALE,Leeander
C1455,1,Puma,Plum Tree,FEMALE,Leeandre
C1456,2,CATZ,0,MALE,Leeandrew
C1458,6,Zudio,Puma,MALE,Leedell
C1459,3,WES Casuals,Global Desi,FEMALE,Leedward
C1460,1,Khadi Essentials,0,MALE,Leejay
C1461,1,Utsa,adidas,FEMALE,Leelan
C1462,1,Callaway Golf,Pasabahce,MALE,Leeland
C1463,1,Zudio,0,MALE,Leelen
C1464,5,Sony,0,FEMALE,Leelend
C1465,2,Puma,0,FEMALE,Leelin
C1466,2,Jockey,Saral Home,MALE,Leelyn
C1467,2,Red Tape,0,MALE,Leelynd
C1468,2,Studiowest,0,FEMALE,Leelynn
C1469,1,Asics,0,FEMALE,Leeman
C1470,8,Clovia,Peter England,MALE,Leemichael
C1471,1,Ray-Ban,Puma,MALE,Leemon
C1472,4,Sangam Prints,0,FEMALE,Leeo
C1473,3,Utsa,0,FEMALE,Leeon
C1474,5,Nuon Women,0,MALE,Leeor
C1475,2,Adidas Originals,adidas,MALE,Leequan
C1476,3,Rosaline,0,MALE,Leeric
C1477,8,Crocs,0,MALE,Leeron
C1478,2,SELECTED HOMME,0,MALE,Leeroy
C1479,4,Carlo Romano,RAEGR,FEMALE,Leeshaun
C1480,1,Utsa,Wipro,FEMALE,Leeshawn
C1481,1,WES Lounge,0,FEMALE,Leeson
C1482,4,Sennheiser,The Indus Valley,FEMALE,Leeum
C1483,4,Cherokee,0,FEMALE,Leevan
C1485,1,PUMA,0,MALE,Leevon
C1486,1,JBL,Jabra,MALE,Leeward
C1488,1,Boat,0,FEMALE,Legen
C1489,1,ADIDAS,Skechers,MALE,Legend
C1490,3,Voltas,0,MALE,Legendary
C1493,2,Apple,0,MALE,Legrand
C1494,1,Lava,0,FEMALE,Legrande
C1495,2,OneAssist,0,FEMALE,Legrant
C1496,3,Globus,Halonix,MALE,Lehi
C1497,1,Panasonic,0,MALE,Lehman
C1498,2,The Indus Valley,0,FEMALE,Lehmon
C1499,2,Reebok,Wenger,MALE,Leiam
C1500,24,Lee,0,MALE,Leib
C1501,2,Peter England,0,MALE,Leibish
C1502,1,Colt,0,MALE,Leiby
C1503,1,Motorola,0,MALE,Leiden
C1504,1,Sunflame,0,FEMALE,Leif
C1505,25,LOV,Homesake,MALE,Leigham
C1506,1,Westsport,0,MALE,Leighlan
C1507,2,Red Tape,0,FEMALE,Leighland
C1508,2,I Kall,0,MALE,Leighton
C1509,1,GoPro,0,MALE,Leihum
C1511,6,Puma,Puma,FEMALE,Leiland
C1512,2,Crocs,0,MALE,Leilend
C1513,3,GAP,Nerf-Ultra,MALE,Leilynd
C1514,1,Globus,0,FEMALE,Leim
C1515,2,Kate Spade,0,FEMALE,Leion
C1516,1,Micromax,0,MALE,Leith
C1517,4,Zudio,0,FEMALE,Leithan
C1518,6,Trident,0,MALE,Leium
C1519,4,Boat,0,MALE,Lejend
C1520,5,Puma,0,MALE,Lejon
C1521,5,Pavers England,Puma,MALE,Lejuan
C1522,1,CATZ,0,FEMALE,Lekai
C1523,5,Kraus,Westside Home,FEMALE,Lekeith
C1524,1,Zudio,0,MALE,Lekendric
C1525,2,SanDisk,0,MALE,Lekendrick
C1526,2,Zuba,0,FEMALE,Lekhi
C1527,1,Mochi,0,MALE,Lelan
C1528,1,STARBUCKS,0,MALE,Leland
C1529,1,Cherokee,0,FEMALE,Leldon
C1530,4,Antec,0,FEMALE,Lelen
C1531,1,Columbia,0,FEMALE,Lelend
C1533,1,Antec,0,MALE,Lelon
C1534,2,Wardrobe,Westside,FEMALE,Lelton
C1535,3,SMITCH,0,MALE,Lelyn
C1536,1,Gia,Biba,MALE,Lelynd
C1537,3,The Children's Place,Liberty,MALE,Lelynn
C1538,1,ONITSUKA TIGER,LACOSTE,FEMALE,Lem
C1539,1,Candes,0,MALE,Lemaj
C1540,1,Titan,0,FEMALE,Leman
C1541,1,U.S. Polo Assn.,0,MALE,Lemanuel
C1542,1,Levi's,0,FEMALE,Lemar
C1543,5,Nuon Men,Jack & Jones,MALE,Lemarco
C1545,1,Orient,0,MALE,Lemari
C1547,3,Nell,0,MALE,Lemarion
C1550,4,Wunderlove,Nautica,MALE,Lemel
C1552,1,The Indus Valley,0,FEMALE,Lemmie
C1553,2,Times Prime,0,MALE,Lemmon
C1554,1,Titan,0,FEMALE,Lemmy
C1555,1,Inweave,0,FEMALE,Lemoine
C1556,4,Malabar Gold and Diamonds,Malabar Gold and Diamonds,MALE,Lemon
C1557,1,Hidesign,0,MALE,Alexey
